Zeitstempel;Mitarbeiter;Status
2026-10-05 20:48:37;Josip Lazic (148);KOMMEN
2026-10-05 20:57:32;Josip Lazic (148);START
2026-10-05 20:57:46;Josip Lazic (148);START
2026-10-05 20:58:30;Josip Lazic (148);ENDE
2026-10-05 20:58:55;Josip Lazic (148);PAUSE
2026-10-05 21:00:55;Josip Lazic (148);PAUSE
2026-10-05 21:08:57;Josip Lazic (148);START
2026-10-06 06:47:48;Josip Lazic (148);START
2026-10-06 06:48:19;Josip Lazic (148);START
2026-10-06 06:56:27;Josip Lazic (148);START
2026-10-06 07:00:32;Josip Lazic (148);ENDE
2026-10-06 07:00:46;Josip Lazic (148);START
2026-10-06 07:00:56;Josip Lazic (148);PAUSE
2026-10-06 07:01:01;Josip Lazic (148);PAUSE
2026-10-06 14:02:20;Josip Lazic (148);START
2026-10-06 14:04:02;Josip Lazic (148);START
2026-10-06 14:04:10;Josip Lazic (148);PAUSE
2026-10-06 14:04:40;Josip Lazic (148);PAUSE
2026-10-06 14:05:59;Josip Lazic (148);PAUSE
2026-10-06 14:07:15;Josip Lazic (148);PAUSE
2026-10-06 14:07:40;Josip Lazic (148);PAUSE
2026-10-06 14:08:01;Josip Lazic (148);PAUSE
2026-10-06 14:08:57;Josip Lazic (148);PAUSE
2026-10-06 20:33:33;Josip Lazic (148);START
2026-10-06 20:33:38;Josip Lazic (148);START
2026-10-06 20:33:52;Josip Lazic (148);START
2026-10-06 20:33:59;Josip Lazic (148);START
2026-10-06 20:34:07;Josip Lazic (148);START
2026-10-06 20:34:16;Josip Lazic (148);START
2026-10-06 20:34:41;Josip Lazic (148);PAUSE
2026-10-06 20:34:52;Josip Lazic (148);PAUSE
2026-10-06 21:06:07;Josip Lazic (148);START
2026-10-06 21:06:18;Josip Lazic (148);START
2026-10-06 21:06:24;Josip Lazic (148);START
2026-10-06 21:21:33;Josip Lazic (148);START
2026-10-06 21:21:40;Josip Lazic (148);START
